instante,delta_kw,carga_kw
2026-09-01T01:25:00,90,90
2026-09-01T01:40:00,-90,90
2026-09-01T01:45:00,90,90
2026-09-01T02:05:00,-90,90
2026-09-01T02:15:00,90,90
2026-09-01T02:40:00,-90,90
2026-09-01T03:20:00,90,90
2026-09-01T03:40:00,-90,90
2026-09-01T04:00:00,90,90
2026-09-01T04:10:00,40,40
2026-09-01T04:15:00,-90,90
2026-09-01T04:55:00,90,90
2026-09-01T05:05:00,-40,40
2026-09-01T05:20:00,-90,90
2026-09-01T05:40:00,15,15
2026-09-01T05:50:00,-15,15
2026-09-01T06:10:00,15,15
2026-09-01T06:20:00,-15,15
2026-09-01T06:35:00,90,90
2026-09-01T06:40:00,15,15
2026-09-01T06:50:00,-15,15
2026-09-01T07:00:00,-90,90
2026-09-01T07:25:00,90,90
2026-09-01T07:25:00,15,15
2026-09-01T07:35:00,-15,15
2026-09-01T07:40:00,-90,90
2026-09-01T07:45:00,15,15
2026-09-01T07:55:00,-15,15
2026-09-01T08:15:00,15,15
2026-09-01T08:25:00,-15,15
2026-09-01T08:30:00,15,15
2026-09-01T08:40:00,-15,15
2026-09-01T09:50:00,90,90
2026-09-01T10:15:00,-90,90
2026-09-01T10:35:00,15,15
2026-09-01T10:45:00,90,90
2026-09-01T10:45:00,-15,15
2026-09-01T11:10:00,-90,90
2026-09-01T11:15:00,90,90
2026-09-01T11:20:00,40,40
2026-09-01T11:40:00,-90,90
2026-09-01T12:15:00,-40,40
2026-09-01T12:50:00,15,15
2026-09-01T13:05:00,-15,15
2026-09-01T14:30:00,90,90
2026-09-01T14:55:00,-90,90
2026-09-01T15:10:00,15,15
2026-09-01T15:20:00,-15,15
2026-09-01T16:30:00,90,90
2026-09-01T17:05:00,-90,90
2026-09-01T17:25:00,15,15
2026-09-01T17:35:00,-15,15
2026-09-01T18:05:00,90,90
2026-09-01T18:10:00,15,15
2026-09-01T18:20:00,-15,15
2026-09-01T18:30:00,-90,90
2026-09-01T19:00:00,15,15
2026-09-01T19:15:00,-15,15
2026-09-01T20:15:00,15,15
2026-09-01T20:20:00,40,40
2026-09-01T20:25:00,90,90
2026-09-01T20:25:00,-15,15
2026-09-01T20:55:00,-90,90
2026-09-01T21:15:00,-40,40
2026-09-01T21:30:00,90,90
2026-09-01T21:30:00,15,15
2026-09-01T21:35:00,-15,15
2026-09-01T21:55:00,-90,90
2026-09-01T22:25:00,15,15
2026-09-01T22:40:00,-15,15
2026-09-01T23:05:00,15,15
2026-09-01T23:10:00,-15,15
2026-09-01T23:25:00,90,90
2026-09-01T23:45:00,15,15
2026-09-01T23:50:00,-90,90
2026-09-01T23:55:00,-15,15
2026-09-02T00:05:00,15,15
2026-09-02T00:15:00,-15,15
2026-09-02T00:55:00,15,15
2026-09-02T01:05:00,-15,15
2026-09-02T03:00:00,15,15
2026-09-02T03:10:00,-15,15
2026-09-02T03:20:00,90,90
2026-09-02T03:35:00,-90,90
2026-09-02T04:10:00,15,15
2026-09-02T04:20:00,90,90
2026-09-02T04:20:00,-15,15
2026-09-02T04:25:00,15,15
2026-09-02T04:35:00,-15,15
2026-09-02T04:50:00,15,15
2026-09-02T04:55:00,-90,90
2026-09-02T05:00:00,-15,15
2026-09-02T05:05:00,90,90
2026-09-02T05:05:00,15,15
2026-09-02T05:15:00,-15,15
2026-09-02T05:25:00,-90,90
2026-09-02T05:50:00,15,15
2026-09-02T06:05:00,-15,15
2026-09-02T06:10:00,15,15
2026-09-02T06:25:00,-15,15
2026-09-02T06:45:00,90,90
2026-09-02T07:10:00,-90,90
2026-09-02T07:15:00,15,15
2026-09-02T07:25:00,-15,15
2026-09-02T07:35:00,15,15
2026-09-02T07:45:00,-15,15
2026-09-02T08:05:00,15,15
2026-09-02T08:15:00,-15,15
2026-09-02T09:00:00,90,90
2026-09-02T09:20:00,-90,90
2026-09-02T09:45:00,15,15
2026-09-02T09:55:00,-15,15
2026-09-02T10:30:00,40,40
2026-09-02T11:35:00,-40,40
2026-09-02T11:40:00,15,15
2026-09-02T11:50:00,-15,15
2026-09-02T12:20:00,90,90
2026-09-02T12:35:00,15,15
2026-09-02T12:50:00,-90,90
2026-09-02T12:50:00,-15,15
2026-09-02T13:15:00,15,15
2026-09-02T13:20:00,-15,15
2026-09-02T14:15:00,15,15
2026-09-02T14:20:00,-15,15
2026-09-02T15:35:00,15,15
2026-09-02T15:45:00,-15,15
2026-09-02T16:30:00,40,40
2026-09-02T16:45:00,15,15
2026-09-02T17:00:00,-15,15
2026-09-02T17:15:00,15,15
2026-09-02T17:20:00,-15,15
2026-09-02T17:25:00,90,90
2026-09-02T17:30:00,-40,40
2026-09-02T17:30:00,15,15
2026-09-02T17:40:00,-15,15
2026-09-02T17:50:00,-90,90
2026-09-02T18:15:00,15,15
2026-09-02T18:20:00,-15,15
2026-09-02T18:45:00,90,90
2026-09-02T18:50:00,15,15
2026-09-02T18:55:00,-15,15
2026-09-02T19:15:00,-90,90
2026-09-02T19:40:00,90,90
2026-09-02T20:05:00,-90,90
2026-09-02T20:10:00,15,15
2026-09-02T20:20:00,-15,15
2026-09-02T21:00:00,15,15
2026-09-02T21:15:00,-15,15
2026-09-02T21:45:00,15,15
2026-09-02T21:55:00,-15,15
2026-09-02T22:05:00,15,15
2026-09-02T22:15:00,-15,15
2026-09-02T22:20:00,15,15
2026-09-02T22:35:00,-15,15
2026-09-02T22:40:00,15,15
2026-09-02T22:50:00,-15,15
2026-09-02T23:55:00,15,15
2026-09-03T00:10:00,-15,15
2026-09-03T00:55:00,90,90
2026-09-03T01:10:00,-90,90
2026-09-03T01:50:00,90,90
2026-09-03T02:15:00,-90,90
2026-09-03T02:40:00,40,40
2026-09-03T03:00:00,15,15
2026-09-03T03:05:00,-15,15
2026-09-03T03:40:00,-40,40
2026-09-03T03:45:00,15,15
2026-09-03T03:55:00,-15,15
2026-09-03T04:30:00,15,15
2026-09-03T04:35:00,-15,15
2026-09-03T04:50:00,90,90
2026-09-03T05:05:00,-90,90
2026-09-03T05:45:00,90,90
2026-09-03T06:10:00,-90,90
2026-09-03T07:00:00,15,15
2026-09-03T07:10:00,-15,15
2026-09-03T07:35:00,90,90
2026-09-03T07:35:00,40,40
2026-09-03T07:35:00,15,15
2026-09-03T07:45:00,-15,15
2026-09-03T07:55:00,-90,90
2026-09-03T08:00:00,15,15
2026-09-03T08:10:00,-15,15
2026-09-03T08:30:00,-40,40
2026-09-03T08:45:00,15,15
2026-09-03T08:55:00,-15,15
2026-09-03T09:55:00,90,90
2026-09-03T10:30:00,-90,90
2026-09-03T11:55:00,15,15
2026-09-03T12:05:00,-15,15
2026-09-03T12:15:00,90,90
2026-09-03T12:15:00,15,15
2026-09-03T12:20:00,-15,15
2026-09-03T12:45:00,-90,90
2026-09-03T12:55:00,90,90
2026-09-03T13:25:00,-90,90
2026-09-03T13:25:00,15,15
2026-09-03T13:30:00,-15,15
2026-09-03T13:40:00,90,90
2026-09-03T14:10:00,-90,90
2026-09-03T14:10:00,15,15
2026-09-03T14:15:00,40,40
2026-09-03T14:20:00,-15,15
2026-09-03T15:25:00,-40,40
2026-09-03T15:55:00,90,90
2026-09-03T16:15:00,-90,90
2026-09-03T16:30:00,15,15
2026-09-03T16:40:00,-15,15
2026-09-03T17:05:00,90,90
2026-09-03T17:25:00,-90,90
2026-09-03T18:30:00,15,15
2026-09-03T18:40:00,90,90
2026-09-03T18:40:00,-15,15
2026-09-03T19:15:00,-90,90
2026-09-03T20:25:00,90,90
2026-09-03T20:45:00,15,15
2026-09-03T20:50:00,-90,90
2026-09-03T20:50:00,-15,15
2026-09-03T21:10:00,90,90
2026-09-03T21:35:00,-90,90
2026-09-03T21:35:00,40,40
2026-09-03T21:40:00,90,90
2026-09-03T22:10:00,-90,90
2026-09-03T22:20:00,15,15
2026-09-03T22:30:00,-15,15
2026-09-03T22:40:00,-40,40
2026-09-03T23:15:00,90,90
2026-09-03T23:25:00,40,40
2026-09-03T23:45:00,15,15
2026-09-03T23:50:00,-90,90
2026-09-03T23:55:00,-15,15
2026-09-04T00:15:00,15,15
2026-09-04T00:25:00,-15,15
2026-09-04T00:30:00,90,90
2026-09-04T00:40:00,-40,40
2026-09-04T00:45:00,15,15
2026-09-04T00:50:00,-90,90
2026-09-04T00:55:00,-15,15
2026-09-04T01:25:00,90,90
2026-09-04T01:25:00,15,15
2026-09-04T01:35:00,-15,15
2026-09-04T02:00:00,-90,90
2026-09-04T02:00:00,15,15
2026-09-04T02:10:00,-15,15
2026-09-04T02:15:00,15,15
2026-09-04T02:25:00,-15,15
2026-09-04T04:00:00,15,15
2026-09-04T04:10:00,-15,15
2026-09-04T04:55:00,15,15
2026-09-04T05:05:00,-15,15
2026-09-04T05:10:00,90,90
2026-09-04T05:20:00,15,15
2026-09-04T05:30:00,-90,90
2026-09-04T05:35:00,-15,15
2026-09-04T06:10:00,15,15
2026-09-04T06:20:00,-15,15
2026-09-04T06:45:00,15,15
2026-09-04T06:50:00,-15,15
2026-09-04T07:15:00,90,90
2026-09-04T07:35:00,-90,90
2026-09-04T08:00:00,15,15
2026-09-04T08:05:00,-15,15
2026-09-04T08:15:00,90,90
2026-09-04T08:35:00,15,15
2026-09-04T08:45:00,-15,15
2026-09-04T08:50:00,-90,90
2026-09-04T11:35:00,15,15
2026-09-04T11:45:00,-15,15
2026-09-04T11:50:00,15,15
2026-09-04T12:00:00,-15,15
2026-09-04T12:35:00,90,90
2026-09-04T12:50:00,-90,90
2026-09-04T13:45:00,90,90
2026-09-04T14:15:00,-90,90
2026-09-04T14:35:00,90,90
2026-09-04T14:45:00,15,15
2026-09-04T14:55:00,-15,15
2026-09-04T15:05:00,-90,90
2026-09-04T15:05:00,40,40
2026-09-04T15:10:00,15,15
2026-09-04T15:20:00,-15,15
2026-09-04T15:40:00,-40,40
2026-09-04T15:50:00,15,15
2026-09-04T16:00:00,-15,15
2026-09-04T17:00:00,15,15
2026-09-04T17:10:00,-15,15
2026-09-04T18:35:00,15,15
2026-09-04T18:45:00,-15,15
2026-09-04T19:05:00,90,90
2026-09-04T19:25:00,-90,90
2026-09-04T20:30:00,90,90
2026-09-04T20:55:00,-90,90
2026-09-04T20:55:00,40,40
2026-09-04T22:05:00,-40,40
2026-09-04T23:10:00,15,15
2026-09-04T23:20:00,-15,15
2026-09-05T00:00:00,15,15
2026-09-05T00:10:00,-15,15
2026-09-05T00:40:00,90,90
2026-09-05T00:55:00,-90,90
2026-09-05T01:40:00,90,90
2026-09-05T01:50:00,40,40
2026-09-05T02:10:00,-90,90
2026-09-05T02:15:00,90,90
2026-09-05T02:30:00,-90,90
2026-09-05T02:30:00,15,15
2026-09-05T02:40:00,-15,15
2026-09-05T02:50:00,-40,40
2026-09-05T03:00:00,90,90
2026-09-05T03:25:00,-90,90
2026-09-05T03:25:00,40,40
2026-09-05T04:40:00,90,90
2026-09-05T04:40:00,-40,40
2026-09-05T05:05:00,-90,90
2026-09-05T05:15:00,40,40
2026-09-05T05:30:00,15,15
2026-09-05T05:40:00,-15,15
2026-09-05T06:05:00,15,15
2026-09-05T06:10:00,90,90
2026-09-05T06:15:00,-40,40
2026-09-05T06:15:00,-15,15
2026-09-05T06:30:00,-90,90
2026-09-05T06:45:00,90,90
2026-09-05T07:10:00,15,15
2026-09-05T07:15:00,-90,90
2026-09-05T07:20:00,-15,15
2026-09-05T07:35:00,15,15
2026-09-05T07:45:00,-15,15
2026-09-05T08:15:00,15,15
2026-09-05T08:25:00,-15,15
2026-09-05T09:40:00,15,15
2026-09-05T09:45:00,90,90
2026-09-05T09:45:00,-15,15
2026-09-05T10:15:00,-90,90
2026-09-05T10:40:00,15,15
2026-09-05T10:50:00,-15,15
2026-09-05T11:45:00,15,15
2026-09-05T11:50:00,40,40
2026-09-05T11:55:00,-15,15
2026-09-05T12:10:00,15,15
2026-09-05T12:15:00,-15,15
2026-09-05T12:20:00,15,15
2026-09-05T12:30:00,-15,15
2026-09-05T12:40:00,-40,40
2026-09-05T13:45:00,40,40
2026-09-05T13:50:00,90,90
2026-09-05T14:00:00,15,15
2026-09-05T14:10:00,-15,15
2026-09-05T14:25:00,-90,90
2026-09-05T14:30:00,90,90
2026-09-05T14:40:00,-40,40
2026-09-05T14:55:00,-90,90
2026-09-05T16:05:00,40,40
2026-09-05T16:05:00,15,15
2026-09-05T16:15:00,-15,15
2026-09-05T16:25:00,15,15
2026-09-05T16:35:00,-15,15
2026-09-05T16:45:00,-40,40
2026-09-05T17:10:00,40,40
2026-09-05T17:35:00,90,90
2026-09-05T17:50:00,-90,90
2026-09-05T18:00:00,-40,40
2026-09-05T18:15:00,90,90
2026-09-05T18:20:00,15,15
2026-09-05T18:25:00,40,40
2026-09-05T18:30:00,-15,15
2026-09-05T18:40:00,-90,90
2026-09-05T19:05:00,90,90
2026-09-05T19:30:00,-90,90
2026-09-05T19:35:00,-40,40
2026-09-05T19:55:00,90,90
2026-09-05T20:15:00,-90,90
2026-09-05T20:25:00,40,40
2026-09-05T20:30:00,90,90
2026-09-05T20:55:00,-90,90
2026-09-05T21:40:00,-40,40
2026-09-05T22:20:00,90,90
2026-09-05T22:20:00,15,15
2026-09-05T22:30:00,-15,15
2026-09-05T22:55:00,-90,90
2026-09-06T00:20:00,90,90
2026-09-06T00:20:00,15,15
2026-09-06T00:30:00,-15,15
2026-09-06T00:45:00,-90,90
2026-09-06T01:10:00,15,15
2026-09-06T01:20:00,-15,15
2026-09-06T01:40:00,90,90
2026-09-06T01:40:00,15,15
2026-09-06T01:55:00,-15,15
2026-09-06T02:10:00,-90,90
2026-09-06T02:20:00,90,90
2026-09-06T02:25:00,15,15
2026-09-06T02:40:00,-15,15
2026-09-06T02:45:00,-90,90
2026-09-06T03:30:00,15,15
2026-09-06T03:40:00,-15,15
2026-09-06T04:50:00,90,90
2026-09-06T05:20:00,-90,90
2026-09-06T05:45:00,90,90
2026-09-06T05:45:00,15,15
2026-09-06T05:55:00,-15,15
2026-09-06T06:10:00,-90,90
2026-09-06T06:25:00,40,40
2026-09-06T06:30:00,15,15
2026-09-06T06:40:00,-15,15
2026-09-06T07:10:00,15,15
2026-09-06T07:20:00,-15,15
2026-09-06T07:30:00,-40,40
2026-09-06T07:30:00,15,15
2026-09-06T07:35:00,-15,15
2026-09-06T07:50:00,15,15
2026-09-06T08:00:00,-15,15
2026-09-06T08:05:00,15,15
2026-09-06T08:15:00,-15,15
2026-09-06T08:25:00,15,15
2026-09-06T08:30:00,40,40
2026-09-06T08:30:00,-15,15
2026-09-06T09:50:00,-40,40
2026-09-06T11:05:00,15,15
2026-09-06T11:10:00,90,90
2026-09-06T11:15:00,-15,15
2026-09-06T11:45:00,-90,90
2026-09-06T11:50:00,15,15
2026-09-06T12:00:00,-15,15
2026-09-06T12:25:00,15,15
2026-09-06T12:35:00,-15,15
2026-09-06T12:50:00,15,15
2026-09-06T13:00:00,-15,15
2026-09-06T13:10:00,15,15
2026-09-06T13:20:00,-15,15
2026-09-06T13:40:00,15,15
2026-09-06T13:50:00,-15,15
2026-09-06T14:35:00,15,15
2026-09-06T14:45:00,-15,15
2026-09-06T14:55:00,15,15
2026-09-06T15:05:00,-15,15
2026-09-06T15:40:00,15,15
2026-09-06T15:50:00,-15,15
2026-09-06T15:55:00,15,15
2026-09-06T16:05:00,-15,15
2026-09-06T16:15:00,90,90
2026-09-06T16:30:00,-90,90
2026-09-06T16:35:00,40,40
2026-09-06T16:50:00,90,90
2026-09-06T16:55:00,15,15
2026-09-06T17:10:00,-15,15
2026-09-06T17:20:00,-90,90
2026-09-06T17:40:00,-40,40
2026-09-06T18:00:00,90,90
2026-09-06T18:30:00,15,15
2026-09-06T18:35:00,-90,90
2026-09-06T18:40:00,-15,15
2026-09-06T19:15:00,15,15
2026-09-06T19:20:00,90,90
2026-09-06T19:25:00,-15,15
2026-09-06T19:45:00,15,15
2026-09-06T19:50:00,-90,90
2026-09-06T19:55:00,-15,15
2026-09-06T20:10:00,15,15
2026-09-06T20:20:00,-15,15
2026-09-06T20:25:00,15,15
2026-09-06T20:30:00,-15,15
2026-09-06T20:45:00,90,90
2026-09-06T21:00:00,-90,90
2026-09-06T21:10:00,15,15
2026-09-06T21:20:00,-15,15
2026-09-06T22:15:00,15,15
2026-09-06T22:25:00,-15,15
2026-09-06T23:05:00,15,15
2026-09-06T23:15:00,-15,15
2026-09-07T01:00:00,15,15
2026-09-07T01:10:00,-15,15
2026-09-07T01:15:00,15,15
2026-09-07T01:25:00,-15,15
2026-09-07T01:40:00,15,15
2026-09-07T01:50:00,-15,15
2026-09-07T02:00:00,90,90
2026-09-07T02:00:00,15,15
2026-09-07T02:10:00,-15,15
2026-09-07T02:30:00,-90,90
2026-09-07T03:05:00,15,15
2026-09-07T03:15:00,-15,15
2026-09-07T03:50:00,90,90
2026-09-07T04:00:00,15,15
2026-09-07T04:10:00,-15,15
2026-09-07T04:15:00,-90,90
2026-09-07T04:45:00,15,15
2026-09-07T04:55:00,-15,15
2026-09-07T05:00:00,15,15
2026-09-07T05:10:00,-15,15
2026-09-07T05:15:00,90,90
2026-09-07T05:25:00,15,15
2026-09-07T05:35:00,-90,90
2026-09-07T05:35:00,-15,15
2026-09-07T05:40:00,90,90
2026-09-07T05:40:00,15,15
2026-09-07T05:45:00,-15,15
2026-09-07T05:50:00,15,15
2026-09-07T06:00:00,-90,90
2026-09-07T06:00:00,-15,15
2026-09-07T06:20:00,15,15
2026-09-07T06:30:00,-15,15
2026-09-07T06:45:00,15,15
2026-09-07T06:55:00,-15,15
2026-09-07T07:00:00,40,40
2026-09-07T07:00:00,15,15
2026-09-07T07:10:00,-15,15
2026-09-07T07:25:00,90,90
2026-09-07T07:35:00,15,15
2026-09-07T07:40:00,-90,90
2026-09-07T07:50:00,-40,40
2026-09-07T07:50:00,-15,15
2026-09-07T08:05:00,15,15
2026-09-07T08:15:00,-15,15
2026-09-07T08:25:00,90,90
2026-09-07T08:50:00,-90,90
2026-09-07T09:10:00,90,90
2026-09-07T09:10:00,15,15
2026-09-07T09:20:00,-15,15
2026-09-07T09:30:00,-90,90
2026-09-07T09:35:00,90,90
2026-09-07T09:40:00,15,15
2026-09-07T09:50:00,-15,15
2026-09-07T10:00:00,-90,90
2026-09-07T12:15:00,15,15
2026-09-07T12:25:00,-15,15
2026-09-07T13:15:00,15,15
2026-09-07T13:20:00,90,90
2026-09-07T13:30:00,-15,15
2026-09-07T13:45:00,-90,90
2026-09-07T14:15:00,90,90
2026-09-07T14:45:00,-90,90
2026-09-07T14:55:00,90,90
2026-09-07T15:00:00,15,15
2026-09-07T15:05:00,40,40
2026-09-07T15:05:00,-15,15
2026-09-07T15:25:00,-90,90
2026-09-07T15:30:00,15,15
2026-09-07T15:35:00,-15,15
2026-09-07T16:00:00,-40,40
2026-09-07T16:30:00,90,90
2026-09-07T16:30:00,40,40
2026-09-07T16:30:00,15,15
2026-09-07T16:40:00,-15,15
2026-09-07T17:00:00,-90,90
2026-09-07T17:20:00,90,90
2026-09-07T17:20:00,15,15
2026-09-07T17:30:00,-40,40
2026-09-07T17:30:00,-15,15
2026-09-07T17:40:00,-90,90
2026-09-07T18:05:00,15,15
2026-09-07T18:10:00,-15,15
2026-09-07T19:00:00,15,15
2026-09-07T19:15:00,-15,15
2026-09-07T19:30:00,40,40
2026-09-07T19:55:00,15,15
2026-09-07T20:05:00,-15,15
2026-09-07T20:15:00,15,15
2026-09-07T20:25:00,-40,40
2026-09-07T20:25:00,-15,15
2026-09-07T20:35:00,15,15
2026-09-07T20:45:00,90,90
2026-09-07T20:45:00,-15,15
2026-09-07T21:00:00,-90,90
2026-09-07T21:00:00,15,15
2026-09-07T21:10:00,-15,15
2026-09-07T21:25:00,15,15
2026-09-07T21:35:00,-15,15
2026-09-07T22:00:00,15,15
2026-09-07T22:10:00,-15,15
2026-09-07T22:15:00,15,15
2026-09-07T22:25:00,-15,15
2026-09-07T23:05:00,15,15
2026-09-07T23:10:00,40,40
2026-09-07T23:15:00,-15,15
2026-09-07T23:45:00,90,90
2026-09-07T23:55:00,15,15
2026-09-08T00:05:00,-40,40
2026-09-08T00:05:00,-15,15
2026-09-08T00:10:00,-90,90
2026-09-08T01:00:00,15,15
2026-09-08T01:05:00,-15,15
2026-09-08T01:10:00,40,40
2026-09-08T01:10:00,15,15
2026-09-08T01:20:00,-15,15
2026-09-08T01:30:00,15,15
2026-09-08T01:45:00,-15,15
2026-09-08T02:10:00,90,90
2026-09-08T02:15:00,-40,40
2026-09-08T02:35:00,-90,90
2026-09-08T02:55:00,90,90
2026-09-08T03:20:00,-90,90
2026-09-08T03:30:00,90,90
2026-09-08T03:40:00,15,15
2026-09-08T03:45:00,-90,90
2026-09-08T03:55:00,-15,15
2026-09-08T04:05:00,15,15
2026-09-08T04:20:00,-15,15
2026-09-08T04:55:00,90,90
2026-09-08T05:15:00,-90,90
2026-09-08T05:50:00,15,15
2026-09-08T06:00:00,-15,15
2026-09-08T06:10:00,90,90
2026-09-08T06:40:00,-90,90
2026-09-08T07:35:00,90,90
2026-09-08T07:45:00,15,15
2026-09-08T07:55:00,-15,15
2026-09-08T08:00:00,-90,90
2026-09-08T08:05:00,90,90
2026-09-08T08:05:00,15,15
2026-09-08T08:15:00,-15,15
2026-09-08T08:25:00,-90,90
2026-09-08T08:45:00,15,15
2026-09-08T08:50:00,90,90
2026-09-08T08:55:00,-15,15
2026-09-08T09:00:00,15,15
2026-09-08T09:05:00,40,40
2026-09-08T09:10:00,-90,90
2026-09-08T09:10:00,-15,15
2026-09-08T09:25:00,90,90
2026-09-08T09:50:00,-40,40
2026-09-08T09:55:00,-90,90
2026-09-08T10:05:00,15,15
2026-09-08T10:15:00,-15,15
2026-09-08T10:45:00,40,40
2026-09-08T11:00:00,90,90
2026-09-08T11:20:00,-90,90
2026-09-08T11:30:00,90,90
2026-09-08T11:30:00,15,15
2026-09-08T11:40:00,-15,15
2026-09-08T11:50:00,-90,90
2026-09-08T11:50:00,-40,40
2026-09-08T12:00:00,90,90
2026-09-08T12:25:00,-90,90
2026-09-08T13:05:00,90,90
2026-09-08T13:20:00,-90,90
2026-09-08T14:05:00,15,15
2026-09-08T14:15:00,-15,15
2026-09-08T15:45:00,90,90
2026-09-08T16:05:00,-90,90
2026-09-08T16:15:00,15,15
2026-09-08T16:25:00,-15,15
2026-09-08T16:50:00,40,40
2026-09-08T17:05:00,90,90
2026-09-08T17:05:00,15,15
2026-09-08T17:15:00,-15,15
2026-09-08T17:30:00,-90,90
2026-09-08T17:35:00,90,90
2026-09-08T17:40:00,-40,40
2026-09-08T17:55:00,-90,90
2026-09-08T18:00:00,90,90
2026-09-08T18:25:00,-90,90
2026-09-08T19:00:00,15,15
2026-09-08T19:05:00,-15,15
2026-09-08T19:25:00,90,90
2026-09-08T19:50:00,-90,90
2026-09-08T19:50:00,15,15
2026-09-08T20:00:00,-15,15
2026-09-08T20:15:00,90,90
2026-09-08T20:25:00,15,15
2026-09-08T20:35:00,-90,90
2026-09-08T20:35:00,-15,15
2026-09-08T21:00:00,90,90
2026-09-08T21:20:00,15,15
2026-09-08T21:30:00,-90,90
2026-09-08T21:30:00,-15,15
2026-09-08T21:35:00,15,15
2026-09-08T21:45:00,-15,15
2026-09-08T22:05:00,90,90
2026-09-08T22:35:00,-90,90
2026-09-08T22:45:00,15,15
2026-09-08T22:55:00,-15,15
2026-09-08T23:00:00,15,15
2026-09-08T23:10:00,-15,15
2026-09-08T23:15:00,15,15
2026-09-08T23:25:00,-15,15
2026-09-09T00:00:00,15,15
2026-09-09T00:10:00,-15,15
2026-09-09T02:25:00,90,90
2026-09-09T02:50:00,-90,90
2026-09-09T03:15:00,40,40
2026-09-09T03:25:00,15,15
2026-09-09T03:35:00,-15,15
2026-09-09T04:30:00,-40,40
2026-09-09T04:50:00,90,90
2026-09-09T05:15:00,-90,90
2026-09-09T05:30:00,15,15
2026-09-09T05:40:00,-15,15
2026-09-09T06:25:00,90,90
2026-09-09T06:45:00,-90,90
2026-09-09T07:00:00,15,15
2026-09-09T07:05:00,-15,15
2026-09-09T07:20:00,15,15
2026-09-09T07:30:00,-15,15
2026-09-09T08:10:00,15,15
2026-09-09T08:20:00,-15,15
2026-09-09T08:40:00,15,15
2026-09-09T08:45:00,90,90
2026-09-09T08:50:00,-15,15
2026-09-09T09:10:00,-90,90
2026-09-09T09:50:00,90,90
2026-09-09T10:20:00,-90,90
2026-09-09T10:50:00,15,15
2026-09-09T11:05:00,-15,15
2026-09-09T11:25:00,15,15
2026-09-09T11:35:00,-15,15
2026-09-09T12:25:00,15,15
2026-09-09T12:35:00,-15,15
2026-09-09T16:40:00,90,90
2026-09-09T17:00:00,15,15
2026-09-09T17:05:00,-90,90
2026-09-09T17:10:00,-15,15
2026-09-09T17:15:00,90,90
2026-09-09T17:35:00,15,15
2026-09-09T17:40:00,-90,90
2026-09-09T17:45:00,-15,15
2026-09-09T18:10:00,15,15
2026-09-09T18:20:00,-15,15
2026-09-09T18:50:00,90,90
2026-09-09T18:50:00,15,15
2026-09-09T19:05:00,-15,15
2026-09-09T19:15:00,-90,90
2026-09-09T20:05:00,15,15
2026-09-09T20:15:00,-15,15
2026-09-09T20:20:00,90,90
2026-09-09T20:20:00,15,15
2026-09-09T20:30:00,-15,15
2026-09-09T20:45:00,-90,90
2026-09-09T21:25:00,15,15
2026-09-09T21:35:00,-15,15
2026-09-09T21:50:00,90,90
2026-09-09T22:20:00,-90,90
2026-09-09T22:25:00,15,15
2026-09-09T22:35:00,-15,15
2026-09-09T22:50:00,90,90
2026-09-09T23:05:00,15,15
2026-09-09T23:15:00,-90,90
2026-09-09T23:15:00,-15,15
2026-09-10T00:15:00,90,90
2026-09-10T00:50:00,-90,90
2026-09-10T01:00:00,90,90
2026-09-10T01:15:00,40,40
2026-09-10T01:30:00,-90,90
2026-09-10T01:35:00,90,90
2026-09-10T02:00:00,-90,90
2026-09-10T02:05:00,90,90
2026-09-10T02:10:00,15,15
2026-09-10T02:25:00,-15,15
2026-09-10T02:30:00,15,15
2026-09-10T02:35:00,-90,90
2026-09-10T02:35:00,-40,40
2026-09-10T02:40:00,-15,15
2026-09-10T03:20:00,90,90
2026-09-10T03:50:00,-90,90
2026-09-10T04:05:00,90,90
2026-09-10T04:05:00,15,15
2026-09-10T04:15:00,-15,15
2026-09-10T04:20:00,-90,90
2026-09-10T04:25:00,15,15
2026-09-10T04:35:00,-15,15
2026-09-10T04:55:00,15,15
2026-09-10T05:05:00,-15,15
2026-09-10T06:25:00,90,90
2026-09-10T06:45:00,-90,90
2026-09-10T07:35:00,90,90
2026-09-10T07:55:00,15,15
2026-09-10T08:00:00,-90,90
2026-09-10T08:05:00,-15,15
2026-09-10T08:35:00,15,15
2026-09-10T08:40:00,-15,15
2026-09-10T09:10:00,15,15
2026-09-10T09:15:00,-15,15
2026-09-10T09:30:00,90,90
2026-09-10T10:00:00,-90,90
2026-09-10T10:15:00,15,15
2026-09-10T10:25:00,40,40
2026-09-10T10:25:00,-15,15
2026-09-10T10:35:00,15,15
2026-09-10T10:45:00,90,90
2026-09-10T10:45:00,-15,15
2026-09-10T11:20:00,-90,90
2026-09-10T11:25:00,15,15
2026-09-10T11:30:00,-40,40
2026-09-10T11:35:00,-15,15
2026-09-10T13:00:00,40,40
2026-09-10T13:40:00,15,15
2026-09-10T13:50:00,-40,40
2026-09-10T13:50:00,-15,15
2026-09-10T14:15:00,15,15
2026-09-10T14:25:00,-15,15
2026-09-10T14:30:00,15,15
2026-09-10T14:40:00,-15,15
2026-09-10T14:50:00,15,15
2026-09-10T15:00:00,-15,15
2026-09-10T15:45:00,90,90
2026-09-10T16:10:00,-90,90
2026-09-10T16:10:00,15,15
2026-09-10T16:20:00,-15,15
2026-09-10T16:35:00,15,15
2026-09-10T16:40:00,-15,15
2026-09-10T16:50:00,15,15
2026-09-10T17:05:00,-15,15
2026-09-10T18:25:00,90,90
2026-09-10T18:45:00,-90,90
2026-09-10T19:25:00,15,15
2026-09-10T19:35:00,-15,15
2026-09-10T19:40:00,15,15
2026-09-10T19:50:00,90,90
2026-09-10T19:50:00,-15,15
2026-09-10T20:15:00,-90,90
2026-09-10T20:35:00,90,90
2026-09-10T20:55:00,-90,90
2026-09-10T20:55:00,15,15
2026-09-10T21:05:00,-15,15
2026-09-10T21:25:00,90,90
2026-09-10T22:00:00,-90,90
2026-09-10T23:00:00,15,15
2026-09-10T23:10:00,-15,15
2026-09-10T23:15:00,15,15
2026-09-10T23:25:00,-15,15
2026-09-10T23:55:00,40,40
2026-09-11T00:45:00,15,15
2026-09-11T01:00:00,-15,15
2026-09-11T01:05:00,-40,40
2026-09-11T01:30:00,90,90
2026-09-11T01:50:00,15,15
2026-09-11T01:55:00,-90,90
2026-09-11T02:00:00,-15,15
2026-09-11T02:20:00,15,15
2026-09-11T02:30:00,-15,15
2026-09-11T03:10:00,40,40
2026-09-11T03:40:00,90,90
2026-09-11T04:05:00,-90,90
2026-09-11T04:25:00,-40,40
2026-09-11T04:40:00,15,15
2026-09-11T04:45:00,90,90
2026-09-11T04:55:00,-15,15
2026-09-11T05:05:00,40,40
2026-09-11T05:15:00,-90,90
2026-09-11T05:20:00,90,90
2026-09-11T05:40:00,-90,90
2026-09-11T05:50:00,-40,40
2026-09-11T06:30:00,90,90
2026-09-11T07:00:00,-90,90
2026-09-11T07:25:00,90,90
2026-09-11T07:30:00,15,15
2026-09-11T07:40:00,-15,15
2026-09-11T07:50:00,-90,90
2026-09-11T08:15:00,15,15
2026-09-11T08:25:00,-15,15
2026-09-11T08:50:00,15,15
2026-09-11T09:00:00,-15,15
2026-09-11T10:00:00,15,15
2026-09-11T10:05:00,-15,15
2026-09-11T10:45:00,90,90
2026-09-11T11:00:00,-90,90
2026-09-11T11:05:00,15,15
2026-09-11T11:15:00,-15,15
2026-09-11T11:50:00,15,15
2026-09-11T11:55:00,-15,15
2026-09-11T12:10:00,15,15
2026-09-11T12:20:00,-15,15
2026-09-11T13:10:00,15,15
2026-09-11T13:20:00,-15,15
2026-09-11T13:40:00,90,90
2026-09-11T13:45:00,15,15
2026-09-11T13:50:00,-15,15
2026-09-11T14:00:00,-90,90
2026-09-11T14:15:00,90,90
2026-09-11T14:20:00,15,15
2026-09-11T14:30:00,-15,15
2026-09-11T14:40:00,-90,90
2026-09-11T15:00:00,90,90
2026-09-11T15:25:00,-90,90
2026-09-11T15:40:00,40,40
2026-09-11T16:45:00,-40,40
2026-09-11T17:35:00,15,15
2026-09-11T17:40:00,90,90
2026-09-11T17:45:00,-15,15
2026-09-11T18:10:00,-90,90
2026-09-11T18:15:00,90,90
2026-09-11T18:40:00,-90,90
2026-09-11T19:50:00,90,90
2026-09-11T20:15:00,-90,90
2026-09-11T20:15:00,15,15
2026-09-11T20:25:00,-15,15
2026-09-11T20:45:00,15,15
2026-09-11T20:50:00,90,90
2026-09-11T20:55:00,-15,15
2026-09-11T21:05:00,40,40
2026-09-11T21:15:00,-90,90
2026-09-11T21:20:00,90,90
2026-09-11T21:40:00,15,15
2026-09-11T21:50:00,-15,15
2026-09-11T22:00:00,-90,90
2026-09-11T22:05:00,-40,40
2026-09-11T22:15:00,90,90
2026-09-11T22:20:00,40,40
2026-09-11T22:40:00,-90,90
2026-09-11T23:15:00,-40,40
2026-09-12T01:15:00,15,15
2026-09-12T01:25:00,-15,15
2026-09-12T01:45:00,40,40
2026-09-12T02:00:00,15,15
2026-09-12T02:05:00,90,90
2026-09-12T02:10:00,-15,15
2026-09-12T02:25:00,-90,90
2026-09-12T02:40:00,15,15
2026-09-12T02:50:00,90,90
2026-09-12T02:50:00,-40,40
2026-09-12T02:50:00,-15,15
2026-09-12T03:00:00,15,15
2026-09-12T03:10:00,-15,15
2026-09-12T03:20:00,-90,90
2026-09-12T03:35:00,15,15
2026-09-12T03:45:00,-15,15
2026-09-12T05:05:00,15,15
2026-09-12T05:15:00,-15,15
2026-09-12T05:30:00,90,90
2026-09-12T05:35:00,15,15
2026-09-12T05:45:00,-15,15
2026-09-12T06:00:00,-90,90
2026-09-12T06:10:00,90,90
2026-09-12T06:35:00,-90,90
2026-09-12T07:15:00,90,90
2026-09-12T07:15:00,15,15
2026-09-12T07:25:00,-15,15
2026-09-12T07:50:00,-90,90
2026-09-12T08:15:00,90,90
2026-09-12T08:40:00,15,15
2026-09-12T08:45:00,-90,90
2026-09-12T08:50:00,90,90
2026-09-12T08:50:00,-15,15
2026-09-12T09:10:00,-90,90
2026-09-12T09:10:00,15,15
2026-09-12T09:15:00,90,90
2026-09-12T09:20:00,-15,15
2026-09-12T09:25:00,15,15
2026-09-12T09:35:00,-15,15
2026-09-12T09:40:00,-90,90
2026-09-12T09:50:00,15,15
2026-09-12T10:00:00,-15,15
2026-09-12T10:10:00,40,40
2026-09-12T10:30:00,90,90
2026-09-12T10:30:00,15,15
2026-09-12T10:40:00,-15,15
2026-09-12T10:50:00,-90,90
2026-09-12T10:55:00,15,15
2026-09-12T11:05:00,-15,15
2026-09-12T11:15:00,-40,40
2026-09-12T11:15:00,15,15
2026-09-12T11:25:00,-15,15
2026-09-12T11:30:00,40,40
2026-09-12T11:35:00,15,15
2026-09-12T11:45:00,-15,15
2026-09-12T12:10:00,15,15
2026-09-12T12:20:00,-15,15
2026-09-12T12:30:00,-40,40
2026-09-12T13:00:00,15,15
2026-09-12T13:10:00,-15,15
2026-09-12T13:25:00,90,90
2026-09-12T13:35:00,15,15
2026-09-12T13:45:00,-15,15
2026-09-12T13:50:00,15,15
2026-09-12T13:55:00,-90,90
2026-09-12T14:05:00,-15,15
2026-09-12T14:25:00,90,90
2026-09-12T14:55:00,-90,90
2026-09-12T15:20:00,15,15
2026-09-12T15:35:00,-15,15
2026-09-12T15:50:00,90,90
2026-09-12T16:00:00,15,15
2026-09-12T16:10:00,-15,15
2026-09-12T16:15:00,-90,90
2026-09-12T16:30:00,90,90
2026-09-12T16:50:00,-90,90
2026-09-12T17:00:00,90,90
2026-09-12T17:05:00,15,15
2026-09-12T17:15:00,-15,15
2026-09-12T17:30:00,-90,90
2026-09-12T17:50:00,15,15
2026-09-12T18:00:00,-15,15
2026-09-12T18:05:00,15,15
2026-09-12T18:15:00,-15,15
2026-09-12T18:30:00,15,15
2026-09-12T18:40:00,-15,15
2026-09-12T19:10:00,90,90
2026-09-12T19:30:00,-90,90
2026-09-12T19:30:00,15,15
2026-09-12T19:40:00,-15,15
2026-09-12T19:50:00,40,40
2026-09-12T21:00:00,-40,40
2026-09-12T21:10:00,15,15
2026-09-12T21:20:00,-15,15
2026-09-12T21:30:00,40,40
2026-09-12T21:30:00,15,15
2026-09-12T21:40:00,-15,15
2026-09-12T21:55:00,90,90
2026-09-12T22:15:00,15,15
2026-09-12T22:20:00,-90,90
2026-09-12T22:25:00,-15,15
2026-09-12T22:30:00,15,15
2026-09-12T22:35:00,-40,40
2026-09-12T22:40:00,90,90
2026-09-12T22:40:00,-15,15
2026-09-12T23:00:00,40,40
2026-09-12T23:05:00,-90,90
2026-09-12T23:10:00,15,15
2026-09-12T23:20:00,-15,15
2026-09-12T23:35:00,15,15
2026-09-12T23:45:00,-15,15
2026-09-13T00:10:00,90,90
2026-09-13T00:15:00,-40,40
2026-09-13T00:30:00,15,15
2026-09-13T00:35:00,-90,90
2026-09-13T00:40:00,-15,15
2026-09-13T01:45:00,15,15
2026-09-13T01:55:00,-15,15
2026-09-13T02:55:00,90,90
2026-09-13T03:10:00,-90,90
2026-09-13T03:20:00,15,15
2026-09-13T03:30:00,-15,15
2026-09-13T03:50:00,15,15
2026-09-13T04:00:00,-15,15
2026-09-13T04:30:00,90,90
2026-09-13T04:50:00,-90,90
2026-09-13T04:50:00,15,15
2026-09-13T04:55:00,-15,15
2026-09-13T05:00:00,15,15
2026-09-13T05:10:00,-15,15
2026-09-13T05:25:00,15,15
2026-09-13T05:35:00,-15,15
2026-09-13T05:45:00,40,40
2026-09-13T05:45:00,15,15
2026-09-13T05:55:00,-15,15
2026-09-13T06:50:00,-40,40
2026-09-13T07:50:00,15,15
2026-09-13T08:00:00,-15,15
2026-09-13T08:40:00,90,90
2026-09-13T09:00:00,-90,90
2026-09-13T09:00:00,15,15
2026-09-13T09:10:00,-15,15
2026-09-13T11:15:00,15,15
2026-09-13T11:25:00,-15,15
2026-09-13T11:30:00,40,40
2026-09-13T11:30:00,15,15
2026-09-13T11:40:00,-15,15
2026-09-13T11:45:00,15,15
2026-09-13T11:55:00,-15,15
2026-09-13T12:00:00,15,15
2026-09-13T12:10:00,-15,15
2026-09-13T12:35:00,15,15
2026-09-13T12:40:00,-40,40
2026-09-13T12:50:00,-15,15
2026-09-13T13:20:00,15,15
2026-09-13T13:30:00,-15,15
2026-09-13T14:20:00,15,15
2026-09-13T14:30:00,-15,15
2026-09-13T14:40:00,40,40
2026-09-13T14:45:00,90,90
2026-09-13T15:10:00,-90,90
2026-09-13T15:25:00,-40,40
2026-09-13T15:25:00,15,15
2026-09-13T15:35:00,-15,15
2026-09-13T16:10:00,90,90
2026-09-13T16:40:00,-90,90
2026-09-13T16:45:00,90,90
2026-09-13T17:10:00,-90,90
2026-09-13T17:10:00,15,15
2026-09-13T17:20:00,-15,15
2026-09-13T19:10:00,90,90
2026-09-13T19:25:00,40,40
2026-09-13T19:30:00,-90,90
2026-09-13T20:05:00,15,15
2026-09-13T20:15:00,-15,15
2026-09-13T20:30:00,15,15
2026-09-13T20:40:00,-40,40
2026-09-13T20:40:00,-15,15
2026-09-13T20:45:00,15,15
2026-09-13T20:55:00,-15,15
2026-09-13T21:00:00,90,90
2026-09-13T21:20:00,-90,90
2026-09-13T21:35:00,15,15
2026-09-13T21:45:00,90,90
2026-09-13T21:45:00,40,40
2026-09-13T21:45:00,-15,15
2026-09-13T22:10:00,-90,90
2026-09-13T22:15:00,15,15
2026-09-13T22:25:00,-15,15
2026-09-13T22:40:00,-40,40
2026-09-13T22:55:00,90,90
2026-09-13T22:55:00,40,40
2026-09-13T23:20:00,-90,90
2026-09-13T23:50:00,15,15
2026-09-14T00:00:00,-15,15
2026-09-14T00:10:00,-40,40
2026-09-14T00:35:00,15,15
2026-09-14T00:50:00,-15,15
2026-09-14T00:55:00,15,15
2026-09-14T01:05:00,-15,15
2026-09-14T01:45:00,90,90
2026-09-14T01:55:00,40,40
2026-09-14T02:00:00,15,15
2026-09-14T02:10:00,-90,90
2026-09-14T02:10:00,-15,15
2026-09-14T02:25:00,90,90
2026-09-14T02:40:00,-90,90
2026-09-14T02:40:00,15,15
2026-09-14T02:50:00,-40,40
2026-09-14T02:50:00,-15,15
2026-09-14T05:20:00,15,15
2026-09-14T05:30:00,-15,15
2026-09-14T06:05:00,15,15
2026-09-14T06:15:00,90,90
2026-09-14T06:15:00,-15,15
2026-09-14T06:35:00,40,40
2026-09-14T06:40:00,-90,90
2026-09-14T06:50:00,15,15
2026-09-14T07:00:00,-15,15
2026-09-14T07:20:00,-40,40
2026-09-14T07:35:00,40,40
2026-09-14T08:30:00,-40,40
2026-09-14T08:40:00,15,15
2026-09-14T08:50:00,-15,15
2026-09-14T10:15:00,40,40
2026-09-14T11:10:00,-40,40
2026-09-14T11:40:00,90,90
2026-09-14T12:00:00,15,15
2026-09-14T12:10:00,-15,15
2026-09-14T12:15:00,-90,90
2026-09-14T13:25:00,90,90
2026-09-14T13:50:00,-90,90
2026-09-14T14:05:00,15,15
2026-09-14T14:15:00,-15,15
2026-09-14T14:45:00,15,15
2026-09-14T14:55:00,-15,15
2026-09-14T15:00:00,90,90
2026-09-14T15:05:00,15,15
2026-09-14T15:15:00,-15,15
2026-09-14T15:35:00,-90,90
2026-09-14T16:00:00,90,90
2026-09-14T16:35:00,-90,90
2026-09-14T17:10:00,15,15
2026-09-14T17:20:00,-15,15
2026-09-14T17:40:00,90,90
2026-09-14T17:55:00,15,15
2026-09-14T18:05:00,-90,90
2026-09-14T18:05:00,-15,15
2026-09-14T19:00:00,90,90
2026-09-14T19:25:00,-90,90
2026-09-14T19:40:00,90,90
2026-09-14T19:40:00,40,40
2026-09-14T20:00:00,-90,90
2026-09-14T20:45:00,-40,40
2026-09-14T21:50:00,15,15
2026-09-14T22:00:00,-15,15
2026-09-14T22:55:00,40,40
2026-09-14T23:20:00,90,90
2026-09-14T23:45:00,-40,40
2026-09-14T23:55:00,-90,90
2026-09-15T02:00:00,15,15
2026-09-15T02:10:00,-15,15
2026-09-15T03:25:00,15,15
2026-09-15T03:30:00,90,90
2026-09-15T03:35:00,-15,15
2026-09-15T03:55:00,-90,90
2026-09-15T04:00:00,15,15
2026-09-15T04:10:00,-15,15
2026-09-15T04:25:00,90,90
2026-09-15T04:45:00,-90,90
2026-09-15T05:10:00,40,40
2026-09-15T05:55:00,-40,40
2026-09-15T06:05:00,15,15
2026-09-15T06:10:00,-15,15
2026-09-15T06:20:00,90,90
2026-09-15T06:50:00,15,15
2026-09-15T06:55:00,-90,90
2026-09-15T07:00:00,-15,15
2026-09-15T07:30:00,90,90
2026-09-15T07:55:00,-90,90
2026-09-15T08:55:00,15,15
2026-09-15T09:05:00,-15,15
2026-09-15T09:10:00,90,90
2026-09-15T09:35:00,-90,90
2026-09-15T09:50:00,15,15
2026-09-15T10:00:00,-15,15
2026-09-15T10:20:00,15,15
2026-09-15T10:30:00,-15,15
2026-09-15T11:00:00,40,40
2026-09-15T12:00:00,-40,40
2026-09-15T12:00:00,15,15
2026-09-15T12:10:00,-15,15
2026-09-15T12:25:00,15,15
2026-09-15T12:35:00,-15,15
2026-09-15T13:45:00,15,15
2026-09-15T13:50:00,-15,15
2026-09-15T14:15:00,15,15
2026-09-15T14:20:00,90,90
2026-09-15T14:30:00,-15,15
2026-09-15T14:40:00,-90,90
2026-09-15T15:00:00,90,90
2026-09-15T15:10:00,15,15
2026-09-15T15:20:00,-15,15
2026-09-15T15:25:00,15,15
2026-09-15T15:30:00,-90,90
2026-09-15T15:35:00,-15,15
2026-09-15T16:55:00,90,90
2026-09-15T17:15:00,-90,90
2026-09-15T17:25:00,15,15
2026-09-15T17:35:00,-15,15
2026-09-15T17:50:00,90,90
2026-09-15T17:55:00,15,15
2026-09-15T18:05:00,-90,90
2026-09-15T18:05:00,-15,15
2026-09-15T18:25:00,90,90
2026-09-15T18:50:00,-90,90
2026-09-15T18:55:00,15,15
2026-09-15T19:05:00,-15,15
2026-09-15T19:20:00,90,90
2026-09-15T19:45:00,-90,90
2026-09-15T19:45:00,15,15
2026-09-15T19:50:00,-15,15
2026-09-15T20:00:00,90,90
2026-09-15T20:30:00,-90,90
2026-09-15T21:20:00,15,15
2026-09-15T21:30:00,-15,15
2026-09-15T22:00:00,15,15
2026-09-15T22:05:00,90,90
2026-09-15T22:05:00,-15,15
2026-09-15T22:10:00,15,15
2026-09-15T22:20:00,-15,15
2026-09-15T22:30:00,-90,90
2026-09-15T22:30:00,15,15
2026-09-15T22:40:00,90,90
2026-09-15T22:40:00,-15,15
2026-09-15T23:05:00,-90,90
2026-09-16T00:20:00,90,90
2026-09-16T00:30:00,15,15
2026-09-16T00:40:00,-90,90
2026-09-16T00:40:00,-15,15
2026-09-16T00:50:00,15,15
2026-09-16T00:55:00,90,90
2026-09-16T01:00:00,-15,15
2026-09-16T01:20:00,-90,90
2026-09-16T01:35:00,15,15
2026-09-16T01:45:00,-15,15
2026-09-16T02:05:00,90,90
2026-09-16T02:35:00,-90,90
2026-09-16T03:00:00,40,40
2026-09-16T03:10:00,15,15
2026-09-16T03:25:00,-15,15
2026-09-16T03:50:00,-40,40
2026-09-16T04:10:00,15,15
2026-09-16T04:20:00,-15,15
2026-09-16T04:25:00,15,15
2026-09-16T04:30:00,40,40
2026-09-16T04:35:00,90,90
2026-09-16T04:40:00,-15,15
2026-09-16T04:55:00,-90,90
2026-09-16T05:50:00,90,90
2026-09-16T05:50:00,-40,40
2026-09-16T06:00:00,15,15
2026-09-16T06:10:00,-90,90
2026-09-16T06:10:00,-15,15
2026-09-16T06:25:00,15,15
2026-09-16T06:35:00,-15,15
2026-09-16T06:50:00,90,90
2026-09-16T07:15:00,15,15
2026-09-16T07:20:00,-90,90
2026-09-16T07:25:00,-15,15
2026-09-16T08:10:00,15,15
2026-09-16T08:20:00,-15,15
2026-09-16T09:50:00,90,90
2026-09-16T10:00:00,-90,90
2026-09-16T10:30:00,15,15
2026-09-16T10:40:00,-15,15
2026-09-16T10:55:00,15,15
2026-09-16T11:00:00,90,90
2026-09-16T11:05:00,-15,15
2026-09-16T11:20:00,-90,90
2026-09-16T11:30:00,90,90
2026-09-16T11:55:00,-90,90
2026-09-16T12:05:00,15,15
2026-09-16T12:15:00,-15,15
2026-09-16T12:30:00,15,15
2026-09-16T12:40:00,-15,15
2026-09-16T13:10:00,15,15
2026-09-16T13:20:00,-15,15
2026-09-16T13:30:00,40,40
2026-09-16T13:40:00,90,90
2026-09-16T14:05:00,-90,90
2026-09-16T14:10:00,90,90
2026-09-16T14:20:00,-40,40
2026-09-16T14:25:00,15,15
2026-09-16T14:35:00,40,40
2026-09-16T14:35:00,-15,15
2026-09-16T14:50:00,-90,90
2026-09-16T15:55:00,-40,40
2026-09-16T16:05:00,90,90
2026-09-16T16:30:00,-90,90
2026-09-16T17:35:00,15,15
2026-09-16T17:50:00,-15,15
2026-09-16T18:25:00,40,40
2026-09-16T19:15:00,15,15
2026-09-16T19:25:00,-15,15
2026-09-16T19:35:00,-40,40
2026-09-16T21:00:00,90,90
2026-09-16T21:25:00,-90,90
2026-09-16T21:25:00,40,40
2026-09-16T21:30:00,15,15
2026-09-16T21:40:00,-15,15
2026-09-16T22:30:00,-40,40
2026-09-16T23:15:00,15,15
2026-09-16T23:25:00,-15,15
2026-09-16T23:45:00,15,15
2026-09-16T23:55:00,90,90
2026-09-16T23:55:00,-15,15
2026-09-17T00:20:00,-90,90
2026-09-17T00:40:00,90,90
2026-09-17T01:00:00,15,15
2026-09-17T01:10:00,-90,90
2026-09-17T01:10:00,-15,15
2026-09-17T01:30:00,40,40
2026-09-17T02:15:00,15,15
2026-09-17T02:25:00,-15,15
2026-09-17T02:30:00,-40,40
2026-09-17T04:10:00,15,15
2026-09-17T04:15:00,90,90
2026-09-17T04:25:00,-15,15
2026-09-17T04:30:00,-90,90
2026-09-17T04:50:00,40,40
2026-09-17T05:10:00,90,90
2026-09-17T05:15:00,15,15
2026-09-17T05:25:00,-15,15
2026-09-17T05:40:00,-90,90
2026-09-17T06:00:00,-40,40
2026-09-17T07:00:00,90,90
2026-09-17T07:05:00,15,15
2026-09-17T07:10:00,-15,15
2026-09-17T07:20:00,-90,90
2026-09-17T07:20:00,15,15
2026-09-17T07:30:00,-15,15
2026-09-17T07:35:00,15,15
2026-09-17T07:45:00,-15,15
2026-09-17T07:50:00,15,15
2026-09-17T08:00:00,-15,15
2026-09-17T08:15:00,90,90
2026-09-17T08:15:00,15,15
2026-09-17T08:25:00,-15,15
2026-09-17T08:40:00,-90,90
2026-09-17T09:40:00,90,90
2026-09-17T10:10:00,-90,90
2026-09-17T10:55:00,40,40
2026-09-17T11:00:00,15,15
2026-09-17T11:10:00,-15,15
2026-09-17T11:30:00,15,15
2026-09-17T11:45:00,-15,15
2026-09-17T11:55:00,15,15
2026-09-17T12:05:00,-40,40
2026-09-17T12:05:00,-15,15
2026-09-17T13:20:00,90,90
2026-09-17T13:45:00,-90,90
2026-09-17T14:15:00,15,15
2026-09-17T14:25:00,90,90
2026-09-17T14:30:00,-15,15
2026-09-17T14:35:00,15,15
2026-09-17T14:45:00,-90,90
2026-09-17T14:45:00,-15,15
2026-09-17T15:00:00,15,15
2026-09-17T15:10:00,-15,15
2026-09-17T15:50:00,90,90
2026-09-17T16:20:00,-90,90
2026-09-17T16:20:00,15,15
2026-09-17T16:30:00,-15,15
2026-09-17T16:35:00,15,15
2026-09-17T16:45:00,-15,15
2026-09-17T17:20:00,15,15
2026-09-17T17:30:00,90,90
2026-09-17T17:30:00,-15,15
2026-09-17T17:40:00,15,15
2026-09-17T17:50:00,-15,15
2026-09-17T17:55:00,-90,90
2026-09-17T18:00:00,90,90
2026-09-17T18:10:00,15,15
2026-09-17T18:20:00,-15,15
2026-09-17T18:30:00,-90,90
2026-09-17T18:45:00,15,15
2026-09-17T18:55:00,90,90
2026-09-17T18:55:00,-15,15
2026-09-17T19:05:00,15,15
2026-09-17T19:15:00,-15,15
2026-09-17T19:20:00,-90,90
2026-09-17T19:35:00,90,90
2026-09-17T20:00:00,-90,90
2026-09-17T20:10:00,15,15
2026-09-17T20:20:00,-15,15
2026-09-17T20:30:00,90,90
2026-09-17T20:40:00,40,40
2026-09-17T20:45:00,15,15
2026-09-17T21:00:00,-90,90
2026-09-17T21:00:00,-15,15
2026-09-17T21:30:00,15,15
2026-09-17T21:40:00,-15,15
2026-09-17T21:45:00,15,15
2026-09-17T21:55:00,-40,40
2026-09-17T21:55:00,-15,15
2026-09-17T22:20:00,40,40
2026-09-17T22:40:00,15,15
2026-09-17T22:45:00,-15,15
2026-09-17T22:55:00,90,90
2026-09-17T23:10:00,15,15
2026-09-17T23:15:00,-15,15
2026-09-17T23:20:00,-40,40
2026-09-17T23:25:00,-90,90
2026-09-18T00:15:00,15,15
2026-09-18T00:25:00,-15,15
2026-09-18T00:50:00,15,15
2026-09-18T01:00:00,-15,15
2026-09-18T02:00:00,15,15
2026-09-18T02:05:00,90,90
2026-09-18T02:10:00,-15,15
2026-09-18T02:25:00,-90,90
2026-09-18T03:35:00,15,15
2026-09-18T03:40:00,-15,15
2026-09-18T04:20:00,15,15
2026-09-18T04:30:00,-15,15
2026-09-18T05:00:00,90,90
2026-09-18T05:00:00,15,15
2026-09-18T05:10:00,-15,15
2026-09-18T05:25:00,-90,90
2026-09-18T05:45:00,40,40
2026-09-18T06:05:00,15,15
2026-09-18T06:10:00,90,90
2026-09-18T06:10:00,-15,15
2026-09-18T06:40:00,-90,90
2026-09-18T06:40:00,15,15
2026-09-18T06:50:00,90,90
2026-09-18T06:50:00,-40,40
2026-09-18T06:50:00,-15,15
2026-09-18T07:20:00,-90,90
2026-09-18T07:20:00,15,15
2026-09-18T07:30:00,-15,15
2026-09-18T07:40:00,90,90
2026-09-18T08:05:00,15,15
2026-09-18T08:10:00,-15,15
2026-09-18T08:15:00,-90,90
2026-09-18T08:45:00,40,40
2026-09-18T08:50:00,15,15
2026-09-18T09:00:00,-15,15
2026-09-18T09:15:00,15,15
2026-09-18T09:20:00,-15,15
2026-09-18T09:40:00,15,15
2026-09-18T09:45:00,-40,40
2026-09-18T09:50:00,-15,15
2026-09-18T10:20:00,15,15
2026-09-18T10:30:00,90,90
2026-09-18T10:30:00,-15,15
2026-09-18T10:55:00,-90,90
2026-09-18T12:00:00,90,90
2026-09-18T12:15:00,15,15
2026-09-18T12:25:00,-90,90
2026-09-18T12:25:00,-15,15
2026-09-18T12:30:00,90,90
2026-09-18T12:55:00,-90,90
2026-09-18T13:25:00,15,15
2026-09-18T13:35:00,-15,15
2026-09-18T14:40:00,90,90
2026-09-18T15:00:00,40,40
2026-09-18T15:10:00,-90,90
2026-09-18T15:40:00,15,15
2026-09-18T15:50:00,-15,15
2026-09-18T16:00:00,-40,40
2026-09-18T16:15:00,15,15
2026-09-18T16:20:00,-15,15
2026-09-18T16:35:00,90,90
2026-09-18T16:50:00,15,15
2026-09-18T17:00:00,-15,15
2026-09-18T17:05:00,-90,90
2026-09-18T18:15:00,15,15
2026-09-18T18:25:00,-15,15
2026-09-18T18:30:00,15,15
2026-09-18T18:40:00,-15,15
2026-09-18T19:00:00,15,15
2026-09-18T19:05:00,-15,15
2026-09-18T19:10:00,15,15
2026-09-18T19:15:00,90,90
2026-09-18T19:20:00,-15,15
2026-09-18T19:40:00,-90,90
2026-09-18T20:25:00,90,90
2026-09-18T20:35:00,15,15
2026-09-18T20:45:00,-90,90
2026-09-18T20:45:00,-15,15
2026-09-18T21:15:00,90,90
2026-09-18T21:30:00,-90,90
2026-09-18T21:40:00,90,90
2026-09-18T22:05:00,-90,90
2026-09-18T22:20:00,40,40
2026-09-18T22:25:00,15,15
2026-09-18T22:35:00,-15,15
2026-09-18T22:40:00,15,15
2026-09-18T22:50:00,-15,15
2026-09-18T23:05:00,90,90
2026-09-18T23:25:00,-90,90
2026-09-18T23:25:00,-40,40
2026-09-19T00:00:00,90,90
2026-09-19T00:25:00,-90,90
2026-09-19T00:35:00,90,90
2026-09-19T00:55:00,-90,90
2026-09-19T02:25:00,15,15
2026-09-19T02:35:00,-15,15
2026-09-19T03:30:00,15,15
2026-09-19T03:40:00,-15,15
2026-09-19T04:15:00,90,90
2026-09-19T04:35:00,-90,90
2026-09-19T06:00:00,40,40
2026-09-19T06:15:00,15,15
2026-09-19T06:25:00,-15,15
2026-09-19T07:05:00,-40,40
2026-09-19T09:00:00,15,15
2026-09-19T09:10:00,-15,15
2026-09-19T09:20:00,40,40
2026-09-19T10:10:00,-40,40
2026-09-19T10:10:00,15,15
2026-09-19T10:20:00,-15,15
2026-09-19T10:55:00,15,15
2026-09-19T11:10:00,-15,15
2026-09-19T11:20:00,40,40
2026-09-19T11:35:00,90,90
2026-09-19T11:50:00,15,15
2026-09-19T12:00:00,-15,15
2026-09-19T12:05:00,-90,90
2026-09-19T12:10:00,-40,40
2026-09-19T12:25:00,15,15
2026-09-19T12:35:00,-15,15
2026-09-19T13:10:00,15,15
2026-09-19T13:15:00,-15,15
2026-09-19T13:20:00,15,15
2026-09-19T13:25:00,90,90
2026-09-19T13:30:00,-15,15
2026-09-19T13:40:00,15,15
2026-09-19T13:50:00,-90,90
2026-09-19T13:50:00,40,40
2026-09-19T13:55:00,-15,15
2026-09-19T14:40:00,15,15
2026-09-19T14:45:00,-40,40
2026-09-19T14:50:00,-15,15
2026-09-19T15:35:00,90,90
2026-09-19T15:40:00,15,15
2026-09-19T15:50:00,-90,90
2026-09-19T15:50:00,-15,15
2026-09-19T16:00:00,15,15
2026-09-19T16:10:00,90,90
2026-09-19T16:10:00,-15,15
2026-09-19T16:20:00,15,15
2026-09-19T16:35:00,-15,15
2026-09-19T16:40:00,-90,90
2026-09-19T17:40:00,90,90
2026-09-19T18:00:00,-90,90
2026-09-19T18:15:00,15,15
2026-09-19T18:25:00,-15,15
2026-09-19T18:30:00,15,15
2026-09-19T18:40:00,-15,15
2026-09-19T19:15:00,15,15
2026-09-19T19:25:00,-15,15
2026-09-19T20:20:00,15,15
2026-09-19T20:30:00,-15,15
2026-09-19T20:50:00,40,40
2026-09-19T21:10:00,15,15
2026-09-19T21:20:00,-15,15
2026-09-19T21:40:00,90,90
2026-09-19T22:00:00,-90,90
2026-09-19T22:05:00,-40,40
2026-09-19T22:30:00,40,40
2026-09-19T23:00:00,15,15
2026-09-19T23:10:00,-15,15
2026-09-19T23:25:00,-40,40
2026-09-19T23:35:00,90,90
2026-09-19T23:45:00,-90,90
2026-09-19T23:55:00,15,15
2026-09-20T00:05:00,-15,15
2026-09-20T00:35:00,90,90
2026-09-20T00:45:00,15,15
2026-09-20T00:55:00,-15,15
2026-09-20T01:00:00,-90,90
2026-09-20T01:10:00,15,15
2026-09-20T01:20:00,-15,15
2026-09-20T01:25:00,15,15
2026-09-20T01:35:00,-15,15
2026-09-20T02:00:00,90,90
2026-09-20T02:05:00,15,15
2026-09-20T02:15:00,-15,15
2026-09-20T02:20:00,-90,90
2026-09-20T02:50:00,15,15
2026-09-20T03:00:00,-15,15
2026-09-20T03:40:00,40,40
2026-09-20T03:50:00,90,90
2026-09-20T04:05:00,-90,90
2026-09-20T04:05:00,-40,40
2026-09-20T04:05:00,15,15
2026-09-20T04:15:00,-15,15
2026-09-20T04:40:00,90,90
2026-09-20T05:00:00,-90,90
2026-09-20T06:20:00,90,90
2026-09-20T06:55:00,-90,90
2026-09-20T07:55:00,15,15
2026-09-20T08:05:00,-15,15
2026-09-20T08:20:00,15,15
2026-09-20T08:30:00,-15,15
2026-09-20T08:35:00,15,15
2026-09-20T08:45:00,-15,15
2026-09-20T08:50:00,15,15
2026-09-20T09:00:00,-15,15
2026-09-20T09:10:00,40,40
2026-09-20T10:20:00,-40,40
2026-09-20T11:05:00,15,15
2026-09-20T11:15:00,-15,15
2026-09-20T11:20:00,15,15
2026-09-20T11:30:00,90,90
2026-09-20T11:30:00,-15,15
2026-09-20T11:35:00,15,15
2026-09-20T11:45:00,-15,15
2026-09-20T11:50:00,15,15
2026-09-20T11:55:00,-90,90
2026-09-20T11:55:00,-15,15
2026-09-20T12:00:00,90,90
2026-09-20T12:00:00,15,15
2026-09-20T12:10:00,-15,15
2026-09-20T12:15:00,15,15
2026-09-20T12:25:00,-15,15
2026-09-20T12:30:00,-90,90
2026-09-20T12:30:00,15,15
2026-09-20T12:40:00,-15,15
2026-09-20T12:55:00,15,15
2026-09-20T13:05:00,-15,15
2026-09-20T13:45:00,15,15
2026-09-20T13:55:00,-15,15
2026-09-20T14:05:00,15,15
2026-09-20T14:15:00,-15,15
2026-09-20T16:00:00,15,15
2026-09-20T16:10:00,-15,15
2026-09-20T16:40:00,15,15
2026-09-20T16:55:00,-15,15
2026-09-20T17:05:00,90,90
2026-09-20T17:15:00,15,15
2026-09-20T17:25:00,-15,15
2026-09-20T17:30:00,-90,90
2026-09-20T17:30:00,40,40
2026-09-20T17:35:00,15,15
2026-09-20T17:45:00,-15,15
2026-09-20T17:55:00,90,90
2026-09-20T18:25:00,-40,40
2026-09-20T18:30:00,-90,90
2026-09-20T18:35:00,15,15
2026-09-20T18:45:00,90,90
2026-09-20T18:45:00,-15,15
2026-09-20T18:55:00,15,15
2026-09-20T19:05:00,-15,15
2026-09-20T19:10:00,-90,90
2026-09-20T21:00:00,15,15
2026-09-20T21:10:00,90,90
2026-09-20T21:15:00,-15,15
2026-09-20T21:30:00,-90,90
2026-09-20T21:45:00,90,90
2026-09-20T22:10:00,-90,90
2026-09-20T22:15:00,90,90
2026-09-20T22:40:00,-90,90
2026-09-20T22:55:00,15,15
2026-09-20T23:05:00,-15,15
2026-09-20T23:15:00,15,15
2026-09-20T23:25:00,-15,15
2026-09-20T23:30:00,15,15
2026-09-20T23:40:00,-15,15
2026-09-20T23:55:00,15,15
2026-09-21T00:05:00,-15,15
2026-09-21T00:35:00,15,15
2026-09-21T00:45:00,-15,15
2026-09-21T01:55:00,90,90
2026-09-21T02:00:00,15,15
2026-09-21T02:10:00,-15,15
2026-09-21T02:20:00,-90,90
2026-09-21T02:20:00,15,15
2026-09-21T02:30:00,-15,15
2026-09-21T03:30:00,40,40
2026-09-21T03:35:00,15,15
2026-09-21T03:50:00,-15,15
2026-09-21T04:15:00,-40,40
2026-09-21T04:30:00,90,90
2026-09-21T04:50:00,-90,90
2026-09-21T05:10:00,15,15
2026-09-21T05:20:00,90,90
2026-09-21T05:25:00,-15,15
2026-09-21T05:35:00,15,15
2026-09-21T05:45:00,-15,15
2026-09-21T05:50:00,-90,90
2026-09-21T06:10:00,15,15
2026-09-21T06:20:00,-15,15
2026-09-21T06:35:00,15,15
2026-09-21T06:40:00,90,90
2026-09-21T06:45:00,-15,15
2026-09-21T06:55:00,15,15
2026-09-21T07:05:00,-90,90
2026-09-21T07:05:00,-15,15
2026-09-21T07:25:00,15,15
2026-09-21T07:30:00,-15,15
2026-09-21T08:00:00,90,90
2026-09-21T08:20:00,15,15
2026-09-21T08:30:00,-90,90
2026-09-21T08:30:00,-15,15
2026-09-21T08:55:00,90,90
2026-09-21T09:15:00,15,15
2026-09-21T09:25:00,-90,90
2026-09-21T09:25:00,-15,15
2026-09-21T09:30:00,90,90
2026-09-21T09:50:00,15,15
2026-09-21T10:00:00,-90,90
2026-09-21T10:00:00,-15,15
2026-09-21T10:05:00,90,90
2026-09-21T10:15:00,15,15
2026-09-21T10:25:00,-90,90
2026-09-21T10:25:00,-15,15
2026-09-21T11:25:00,40,40
2026-09-21T12:05:00,90,90
2026-09-21T12:20:00,15,15
2026-09-21T12:25:00,-40,40
2026-09-21T12:25:00,-15,15
2026-09-21T12:30:00,-90,90
2026-09-21T12:45:00,90,90
2026-09-21T13:10:00,15,15
2026-09-21T13:15:00,-90,90
2026-09-21T13:20:00,-15,15
2026-09-21T13:40:00,90,90
2026-09-21T14:10:00,-90,90
2026-09-21T14:15:00,40,40
2026-09-21T14:35:00,15,15
2026-09-21T14:40:00,90,90
2026-09-21T14:45:00,-15,15
2026-09-21T15:00:00,-90,90
2026-09-21T15:20:00,-40,40
2026-09-21T15:35:00,90,90
2026-09-21T16:00:00,-90,90
2026-09-21T16:05:00,90,90
2026-09-21T16:25:00,-90,90
2026-09-21T16:30:00,15,15
2026-09-21T16:35:00,-15,15
2026-09-21T17:50:00,90,90
2026-09-21T18:05:00,-90,90
2026-09-21T18:15:00,40,40
2026-09-21T18:45:00,15,15
2026-09-21T18:55:00,90,90
2026-09-21T18:55:00,-15,15
2026-09-21T19:20:00,-90,90
2026-09-21T19:25:00,-40,40
2026-09-21T19:50:00,90,90
2026-09-21T20:00:00,15,15
2026-09-21T20:10:00,-15,15
2026-09-21T20:15:00,-90,90
2026-09-21T20:30:00,15,15
2026-09-21T20:40:00,-15,15
2026-09-21T21:05:00,15,15
2026-09-21T21:15:00,-15,15
2026-09-21T21:20:00,15,15
2026-09-21T21:30:00,-15,15
2026-09-21T21:40:00,15,15
2026-09-21T21:45:00,-15,15
2026-09-21T22:00:00,90,90
2026-09-21T22:30:00,-90,90
2026-09-21T22:45:00,15,15
2026-09-21T22:50:00,40,40
2026-09-21T22:55:00,-15,15
2026-09-21T23:05:00,90,90
2026-09-21T23:05:00,15,15
2026-09-21T23:10:00,-15,15
2026-09-21T23:15:00,15,15
2026-09-21T23:25:00,-15,15
2026-09-21T23:30:00,-90,90
2026-09-21T23:30:00,15,15
2026-09-21T23:40:00,-15,15
2026-09-21T23:55:00,-40,40
